defect_type,days_overdue,section_load,failure_risk,urgency_score,repair_hours
Point failure,28,0.27,0.8,100.0,5.62
Signal fault,10,0.88,0.64,85.68,3.65
Overhead wear,0,0.37,0.57,48.45,4.79
Signal fault,30,0.23,0.36,98.39,3.55
Signal fault,11,0.56,0.63,83.54,3.68
Overhead wear,8,0.16,0.95,76.45,5.41
Point failure,27,0.5,0.21,95.82,4.48
Rail crack,3,0.26,0.78,67.39,4.61
Point failure,21,0.13,0.86,93.79,4.5
Point failure,13,0.75,0.39,87.19,5.0
Overhead wear,15,0.77,0.59,92.89,5.45
Point failure,27,0.35,0.37,93.05,4.2
Signal fault,18,0.74,0.76,100.0,4.06
Rail crack,7,0.5,0.19,70.13,4.02
Overhead wear,2,0.63,0.35,48.27,5.16
Signal fault,0,0.75,0.31,53.39,3.35
Point failure,12,0.28,0.91,100.0,4.28
Point failure,29,0.23,0.64,100.0,4.94
Overhead wear,6,0.36,0.25,58.41,4.98
Point failure,11,0.27,0.9,94.19,4.6
Point failure,24,0.39,0.2,88.43,3.94
Point failure,12,0.87,0.11,64.23,4.05
Overhead wear,0,0.21,0.4,45.55,4.94
Rail crack,19,0.43,0.97,100.0,5.34
Rail crack,23,0.13,0.65,99.11,5.21
Overhead wear,0,0.67,0.71,56.25,5.51
Point failure,22,0.79,0.31,95.04,4.82
Point failure,1,0.67,0.58,63.54,3.82
Overhead wear,2,0.63,0.71,69.09,5.02
Signal fault,19,0.68,0.26,83.22,4.24
Ballast wear,7,0.22,0.41,53.92,6.7
Point failure,15,0.84,0.6,90.37,4.49
Point failure,4,0.91,0.67,75.9,3.76
Signal fault,19,0.9,0.8,100.0,4.28
Point failure,5,0.7,0.62,78.97,4.1
Rail crack,28,0.36,0.37,94.03,4.9
Overhead wear,8,0.26,0.12,46.48,4.83
Signal fault,16,0.38,0.59,96.14,4.0
Overhead wear,18,0.9,0.67,100.0,6.01
Point failure,14,0.54,0.28,73.95,4.44
Signal fault,16,0.14,1.0,89.47,4.21
Signal fault,27,0.11,0.94,100.0,4.54
Signal fault,27,0.87,0.37,100.0,4.0
Signal fault,17,0.6,0.94,100.0,4.79
Ballast wear,14,0.99,0.23,81.28,6.62
Rail crack,7,0.73,0.73,82.24,4.51
Ballast wear,2,0.33,0.65,52.22,6.73
Point failure,18,0.4,0.44,88.46,4.14
Signal fault,24,0.24,0.98,100.0,4.55
Rail crack,19,0.13,0.37,76.78,4.99
Overhead wear,27,0.29,0.66,100.0,6.39
Point failure,15,0.98,0.56,100.0,4.21
Signal fault,27,0.77,0.33,100.0,3.87
Rail crack,25,0.92,0.5,100.0,5.09
Rail crack,7,0.94,0.67,98.39,4.81
Overhead wear,21,0.76,0.14,81.17,5.31
Rail crack,28,0.2,0.14,93.35,5.51
Ballast wear,25,0.54,0.53,97.34,6.8
Ballast wear,9,0.95,0.9,90.71,7.22
Overhead wear,12,0.25,0.16,59.39,5.01
Signal fault,19,0.62,0.45,89.89,4.56
Signal fault,10,0.95,0.45,83.87,3.47
Rail crack,25,0.39,0.86,100.0,5.33
Overhead wear,17,0.67,0.89,100.0,5.91
Rail crack,3,0.26,0.78,65.75,4.35
Overhead wear,11,0.49,0.78,83.27,5.53
Rail crack,16,0.55,0.84,100.0,5.06
Rail crack,3,0.11,0.91,73.37,4.63
Point failure,18,0.54,0.17,81.96,3.93
Point failure,26,0.29,0.95,100.0,5.11
Overhead wear,9,0.98,1.0,100.0,5.69
Point failure,8,0.79,0.66,83.57,4.33
Ballast wear,26,0.74,0.17,85.76,6.49
Point failure,16,0.95,0.99,100.0,5.18
Signal fault,28,0.44,0.73,100.0,4.07
Signal fault,12,0.11,0.52,73.29,3.53
Rail crack,2,0.63,0.97,79.37,4.58
Rail crack,5,0.49,0.82,82.68,4.92
Overhead wear,15,0.57,0.99,100.0,5.51
Point failure,24,0.57,0.67,100.0,5.31
Overhead wear,21,0.63,0.91,100.0,5.62
Ballast wear,27,0.68,0.45,98.92,6.91
Overhead wear,8,0.33,0.51,73.76,4.7
Overhead wear,12,0.92,0.84,92.12,6.08
Ballast wear,26,0.14,0.12,82.52,6.74
Rail crack,10,0.63,0.44,80.54,5.02
Signal fault,30,0.35,0.15,97.29,4.11
Overhead wear,5,0.92,0.63,81.15,5.4
Signal fault,16,0.32,0.28,71.61,3.42
Point failure,29,0.89,0.78,100.0,4.87
Signal fault,26,0.38,0.83,100.0,4.85
Overhead wear,20,0.68,0.82,100.0,6.0
Ballast wear,5,0.65,0.67,65.98,6.72
Ballast wear,19,0.59,0.51,86.8,7.14
Ballast wear,18,0.73,0.82,100.0,7.15
Rail crack,27,0.16,0.14,85.61,5.28
Signal fault,10,0.32,0.17,55.94,3.58
Rail crack,2,0.89,0.56,76.3,4.61
Signal fault,18,0.84,0.41,92.61,3.84
Rail crack,4,0.51,0.29,62.78,3.67
Overhead wear,26,0.14,0.82,100.0,6.0
Signal fault,30,0.44,0.1,97.01,3.99
Ballast wear,27,0.43,0.52,100.0,6.93
Signal fault,14,0.13,0.88,83.92,3.63
Rail crack,22,0.44,0.12,83.35,4.56
Ballast wear,29,0.21,0.9,100.0,7.85
Signal fault,8,0.55,0.18,71.2,3.69
Rail crack,11,0.21,0.36,77.18,4.23
Ballast wear,26,0.42,0.99,100.0,7.74
Overhead wear,5,0.43,0.54,67.69,5.13
Rail crack,29,0.25,0.7,100.0,5.66
Ballast wear,18,0.85,0.28,85.76,6.52
Point failure,14,0.74,0.79,99.7,4.29
Point failure,12,0.58,0.15,67.01,3.86
Ballast wear,11,0.28,0.72,84.16,6.72
Signal fault,29,0.2,0.87,100.0,5.02
Overhead wear,23,0.99,0.28,100.0,5.36
Point failure,28,0.23,0.82,100.0,4.87
Overhead wear,4,0.83,0.7,67.47,5.29
Overhead wear,9,0.45,0.83,74.1,5.13
Signal fault,28,0.37,0.77,100.0,4.46
Rail crack,14,0.45,0.59,90.79,5.12
Signal fault,5,0.95,0.66,77.6,3.56
Overhead wear,0,0.58,0.9,69.15,5.34
Rail crack,28,0.32,0.77,100.0,5.31
Ballast wear,4,0.89,0.41,68.5,6.31
Overhead wear,28,0.31,0.75,100.0,6.35
Signal fault,3,0.59,0.33,54.52,3.2
Ballast wear,7,0.63,0.46,67.92,6.56
Point failure,25,0.63,0.56,100.0,4.71
Point failure,10,0.94,0.61,92.07,4.36
Ballast wear,16,0.62,0.65,94.32,6.85
Rail crack,21,0.92,0.21,96.04,4.65
Point failure,21,0.85,0.4,96.58,4.23
Overhead wear,14,0.15,0.4,66.15,4.74
Rail crack,25,0.93,0.41,100.0,4.83
Rail crack,10,0.13,0.92,89.69,4.58
Point failure,5,0.13,0.38,54.03,4.23
Ballast wear,27,0.29,0.56,97.85,7.39
Point failure,21,0.87,0.58,100.0,4.32
Overhead wear,29,0.77,0.29,100.0,5.65
Overhead wear,16,0.13,0.52,74.75,5.43
Signal fault,14,0.57,0.58,84.64,2.81
Signal fault,30,0.19,0.4,100.0,4.16
Ballast wear,9,0.91,0.57,83.24,6.07
Signal fault,23,0.28,0.55,89.42,4.43
Overhead wear,2,0.9,0.6,74.05,5.23
Signal fault,15,0.46,0.7,88.07,3.73
Ballast wear,6,0.67,0.76,76.12,7.05
Ballast wear,1,0.92,0.66,71.32,6.41
Signal fault,22,0.13,0.85,100.0,4.14
Rail crack,1,0.87,0.3,65.37,3.98
Signal fault,13,0.52,0.26,82.01,2.76
Rail crack,7,0.73,0.46,80.77,4.22
Point failure,25,0.57,0.25,90.63,4.62
Rail crack,4,0.69,0.85,86.77,5.09
Point failure,12,0.7,0.26,76.07,4.31
Point failure,29,0.57,0.14,100.0,4.26
Signal fault,20,0.64,0.32,83.9,3.62
Point failure,16,0.75,0.65,98.04,4.67
Overhead wear,23,0.29,0.13,82.18,4.84
Signal fault,16,0.55,0.64,96.8,3.78
Overhead wear,8,0.17,0.76,80.3,5.33
Ballast wear,24,0.32,0.84,100.0,7.68
Ballast wear,11,0.42,0.18,58.2,6.66
Point failure,29,0.96,0.78,100.0,5.2
Overhead wear,21,0.67,0.98,100.0,6.13
Signal fault,25,0.15,0.7,100.0,4.15
Rail crack,22,0.6,0.53,100.0,4.98
Rail crack,18,0.93,0.97,100.0,5.52
Point failure,6,0.51,0.57,78.34,4.53
Signal fault,11,0.21,0.17,55.78,3.85
Point failure,6,0.38,0.59,68.45,4.47
Ballast wear,0,0.9,0.65,65.08,6.84
Signal fault,26,1.0,0.42,100.0,4.54
Overhead wear,11,0.66,0.89,85.42,5.01
Overhead wear,0,0.31,0.2,35.82,4.38
Point failure,17,0.31,0.14,65.97,3.76
Point failure,11,0.96,0.82,100.0,4.03
Signal fault,29,0.65,0.25,100.0,4.22
Overhead wear,18,0.56,0.31,80.38,5.11
Rail crack,25,0.8,0.42,100.0,4.91
Rail crack,23,0.91,0.52,100.0,5.31
Rail crack,8,0.91,0.87,89.07,4.67
Signal fault,27,0.53,0.14,96.13,3.86
Signal fault,26,0.35,0.33,95.53,3.85
Overhead wear,27,0.2,0.91,100.0,6.35
Signal fault,25,0.61,0.7,100.0,4.35
Rail crack,5,0.57,0.88,83.65,4.71
Rail crack,12,0.85,0.73,100.0,5.4
Point failure,6,0.89,0.97,98.71,4.43
Ballast wear,9,0.84,0.31,74.12,6.62
Point failure,6,0.27,0.18,57.11,3.26
Ballast wear,27,0.11,0.84,100.0,7.28
Ballast wear,8,0.97,0.41,74.58,6.62
Overhead wear,21,0.94,0.72,100.0,5.58
Rail crack,11,0.16,0.62,84.48,4.37
Signal fault,17,0.88,0.98,100.0,4.14
Overhead wear,10,0.84,0.43,75.58,5.36
Ballast wear,1,0.35,1.0,62.01,6.17
Overhead wear,28,0.37,0.86,100.0,6.25
Signal fault,26,0.88,0.97,100.0,4.39
Ballast wear,27,0.75,0.77,100.0,7.34
Point failure,17,0.88,0.53,100.0,4.57
Signal fault,13,0.58,0.12,66.6,3.77
Point failure,25,0.65,0.82,100.0,4.89
Rail crack,29,0.72,0.49,100.0,4.83
Overhead wear,20,0.63,0.49,100.0,5.38
Ballast wear,13,0.98,0.75,98.11,7.21
Point failure,5,0.92,0.75,83.17,4.38
Point failure,24,0.61,0.12,85.71,4.29
Rail crack,9,0.8,0.95,100.0,4.8
Rail crack,12,0.17,0.84,83.86,4.7
Ballast wear,13,0.72,0.84,91.61,6.98
Signal fault,28,0.74,0.13,100.0,4.05
Ballast wear,27,0.82,0.41,100.0,7.42
Ballast wear,21,0.51,0.68,100.0,7.23
Signal fault,17,0.15,0.32,70.67,3.61
Overhead wear,22,0.14,0.25,81.17,4.76
Signal fault,2,0.17,0.46,51.45,3.0
Rail crack,6,0.52,0.88,90.73,5.15
Point failure,4,0.41,0.43,63.35,4.28
Point failure,25,0.75,0.54,100.0,4.51
Signal fault,25,0.92,0.29,100.0,4.4
Rail crack,2,0.8,0.46,77.34,4.81
Ballast wear,22,0.47,0.16,75.02,6.75
Overhead wear,14,0.63,0.62,84.76,5.5
Rail crack,26,0.38,0.46,100.0,5.61
Point failure,12,0.31,0.31,70.05,4.41
Ballast wear,28,0.4,0.85,100.0,7.39
Signal fault,11,0.74,0.25,76.74,3.9
Overhead wear,16,0.86,0.83,100.0,5.72
Point failure,26,0.2,0.34,94.89,4.35
Point failure,25,0.14,0.21,90.08,4.39
Overhead wear,0,0.56,0.14,44.66,4.75
Rail crack,6,0.51,0.56,83.95,4.59
Point failure,22,0.13,0.38,83.75,4.66
Ballast wear,20,0.18,0.71,92.74,7.12
Ballast wear,0,0.85,0.95,74.13,7.36
Rail crack,25,0.88,0.61,100.0,5.59
Signal fault,30,0.69,0.45,100.0,4.35
Point failure,1,1.0,0.14,58.44,3.74
Overhead wear,8,0.18,0.36,59.81,4.79
Point failure,5,0.49,0.91,81.19,4.6
Overhead wear,10,0.44,0.37,62.39,5.45
Rail crack,11,0.65,0.61,92.65,4.17
Rail crack,16,0.59,0.5,93.27,4.81
Ballast wear,1,0.52,0.44,51.84,6.72
Point failure,20,0.83,0.2,91.96,3.91
Point failure,3,0.65,0.79,80.43,4.48
Signal fault,10,0.12,0.28,59.19,3.64
Signal fault,18,0.15,0.94,95.28,4.21
Overhead wear,3,0.33,0.36,56.48,4.69
Signal fault,7,0.38,0.65,68.99,4.01
Point failure,25,0.21,0.26,86.42,4.62
Overhead wear,30,0.74,0.2,97.43,5.69
Point failure,19,0.54,0.83,100.0,4.75
Ballast wear,14,0.96,0.64,91.0,6.94
Rail crack,25,0.29,0.65,100.0,5.18
Rail crack,25,0.33,0.37,100.0,5.18
Ballast wear,24,0.19,0.66,100.0,6.88
Rail crack,2,0.88,0.53,69.5,4.53
Overhead wear,14,0.31,0.29,64.24,5.38
Overhead wear,28,0.15,0.23,92.12,5.06
Ballast wear,2,0.5,0.5,59.27,6.3
Point failure,25,0.4,0.91,100.0,5.24
Overhead wear,0,0.64,0.46,51.15,4.5
Point failure,12,0.57,0.16,68.11,4.2
Overhead wear,7,0.89,0.69,74.58,5.37
Signal fault,21,0.7,0.99,100.0,5.01
Ballast wear,22,0.52,0.15,81.48,6.8
Overhead wear,28,0.72,0.28,98.94,5.59
Rail crack,22,0.78,0.41,100.0,5.17
Overhead wear,22,0.46,0.24,90.05,5.39
Overhead wear,19,0.66,0.18,79.59,5.32
Point failure,5,0.24,0.16,50.24,3.66
Overhead wear,1,0.44,0.41,53.19,4.37
Signal fault,19,0.35,0.95,100.0,4.75
Point failure,4,0.45,0.55,71.0,3.37
Overhead wear,2,0.71,0.58,63.29,5.15
Point failure,13,0.17,0.46,77.05,3.99
Ballast wear,13,0.98,0.68,89.9,6.99
Rail crack,3,0.65,0.23,62.6,4.24
Rail crack,12,0.43,0.16,71.03,4.65
Point failure,12,0.94,0.89,100.0,4.43
Overhead wear,10,0.66,0.69,82.5,5.8
Ballast wear,29,1.0,0.15,99.2,6.87
Rail crack,27,0.37,0.19,96.1,5.01
Point failure,3,1.0,0.83,80.31,4.53
Point failure,3,0.57,0.48,60.13,3.91
Signal fault,27,0.53,0.26,99.97,3.99
Ballast wear,29,0.53,0.12,94.45,6.73
Ballast wear,23,0.58,0.29,87.09,7.1
Signal fault,16,0.59,0.51,83.68,3.88
Point failure,15,0.76,0.53,87.26,3.89
Ballast wear,20,0.96,0.22,88.07,6.56
Rail crack,0,0.83,0.17,58.85,4.09
Point failure,7,0.52,0.67,81.42,4.34
Rail crack,14,0.9,0.51,95.93,4.91
Overhead wear,7,0.18,0.74,66.89,5.69
Point failure,10,0.97,0.95,100.0,4.92
Ballast wear,4,0.59,0.85,72.25,6.58
Point failure,16,0.37,0.79,90.16,5.06
Ballast wear,2,0.21,0.65,57.12,6.95
Ballast wear,22,0.14,0.97,97.78,7.71
Ballast wear,21,0.54,0.93,100.0,7.5
Ballast wear,10,0.14,0.2,48.48,6.52
Signal fault,13,0.5,0.65,85.26,3.83
Rail crack,23,0.99,0.7,100.0,5.14
Point failure,8,0.59,0.67,83.14,4.76
Point failure,10,0.39,0.78,86.28,3.91
Overhead wear,17,0.2,0.72,83.02,5.57
Point failure,12,0.47,0.78,92.94,4.91
Signal fault,22,0.72,0.89,100.0,4.57
Ballast wear,25,0.11,0.32,81.56,6.75
Ballast wear,1,0.28,0.6,55.28,6.94
Signal fault,1,0.42,0.81,68.01,3.68
Ballast wear,25,0.13,0.77,92.75,7.03
Signal fault,30,0.38,0.89,100.0,4.49
Signal fault,25,0.45,0.47,94.35,4.5
Rail crack,12,0.18,0.63,91.11,4.78
Overhead wear,15,0.3,0.73,86.47,5.33
Ballast wear,18,0.34,0.84,89.33,7.21
Overhead wear,11,0.81,0.74,90.25,5.87
Overhead wear,3,0.21,0.76,61.65,4.8
Rail crack,26,0.82,0.79,100.0,5.73
Rail crack,16,0.67,0.55,98.63,4.64
Point failure,10,0.77,0.96,100.0,4.15
Ballast wear,17,0.25,0.73,91.9,7.6
Rail crack,26,0.37,0.95,100.0,5.06
Signal fault,4,0.86,0.27,63.08,3.75
Overhead wear,3,0.22,0.17,43.64,5.26
Rail crack,23,0.76,0.79,100.0,4.99
Point failure,24,0.78,0.69,100.0,4.71
Point failure,6,0.32,0.92,78.04,4.14
Ballast wear,24,0.8,0.16,86.7,6.84
Point failure,17,0.92,0.23,79.35,4.46
Ballast wear,23,0.59,0.22,83.87,7.14
Ballast wear,11,0.81,0.66,84.73,6.86
Overhead wear,2,0.75,0.27,50.97,4.45
Overhead wear,11,0.41,0.2,61.29,4.83
Ballast wear,24,0.87,0.61,100.0,7.23
Ballast wear,27,0.75,0.16,94.72,7.48
Ballast wear,0,0.49,0.23,37.35,6.38
Ballast wear,1,0.88,0.51,57.88,6.74
Point failure,26,0.51,0.15,91.74,4.58
Overhead wear,19,0.59,0.78,100.0,5.44
Point failure,27,0.33,0.95,100.0,5.18
Rail crack,30,0.6,0.18,100.0,4.77
Ballast wear,19,0.82,0.43,80.83,6.6
Signal fault,18,0.5,0.28,87.28,3.55
Overhead wear,20,0.38,0.68,84.36,5.96
Point failure,1,0.39,0.87,70.99,4.37
Rail crack,27,0.28,0.27,99.84,5.25
Signal fault,4,0.5,0.65,70.05,4.06
Rail crack,30,0.54,0.21,100.0,5.42
Point failure,5,0.98,0.69,86.31,3.97
Signal fault,0,0.13,0.84,59.9,3.29
Signal fault,28,0.4,0.37,100.0,4.36
Rail crack,20,0.33,0.84,100.0,5.58
Overhead wear,27,0.84,0.19,97.79,5.34
Rail crack,18,0.51,0.77,100.0,5.61
Rail crack,4,0.83,0.86,86.94,4.9
Signal fault,7,0.1,0.71,71.33,3.48
Rail crack,7,0.17,0.17,60.42,4.23
Overhead wear,2,0.79,0.47,65.22,5.0
Rail crack,6,0.83,0.15,68.78,4.52
Signal fault,26,0.6,0.2,88.98,3.26
Point failure,20,0.59,0.44,93.06,4.42
Ballast wear,5,0.35,0.87,72.5,6.77
Ballast wear,18,0.82,0.12,80.55,6.48
Point failure,18,0.89,0.2,90.67,4.75
Rail crack,29,0.14,0.61,100.0,5.19
Overhead wear,2,0.3,0.76,61.58,5.21
Point failure,7,0.89,0.4,78.64,4.71
Rail crack,15,0.13,0.62,83.36,4.96
Point failure,4,0.64,0.2,62.9,3.93
Rail crack,7,0.57,0.49,73.53,4.05
Rail crack,18,0.9,0.5,100.0,5.33
Point failure,24,0.73,0.31,96.79,4.48
Point failure,12,0.97,0.34,84.07,3.61
Rail crack,0,0.34,0.47,58.67,4.24
Signal fault,7,0.31,0.52,61.34,2.85
Signal fault,7,0.52,0.5,80.44,3.4
Overhead wear,5,0.87,0.14,60.49,4.85
Rail crack,25,0.52,0.49,100.0,4.74
Rail crack,8,0.84,0.36,79.33,4.93
Signal fault,6,0.62,0.13,56.58,3.32
Signal fault,12,0.94,0.25,85.07,3.35
Overhead wear,20,0.33,0.71,99.66,5.37
Point failure,25,0.75,0.88,100.0,5.13
Point failure,29,0.82,0.7,100.0,4.68
Point failure,16,0.16,0.17,72.0,4.07
Overhead wear,8,0.68,0.9,87.72,6.22
Signal fault,21,0.2,0.24,82.01,3.5
Overhead wear,1,0.58,0.85,72.42,5.78
Signal fault,0,0.18,0.46,49.0,2.92
Rail crack,5,0.86,0.72,93.76,4.5
Rail crack,20,0.88,0.63,100.0,4.71
Signal fault,27,0.62,0.78,100.0,4.33
Ballast wear,23,0.25,0.68,93.58,7.36
Ballast wear,27,0.44,0.11,90.34,6.75
Signal fault,16,0.19,0.86,97.59,4.2
Point failure,5,0.51,0.72,76.22,3.88
Signal fault,2,0.97,0.45,64.36,3.31
Ballast wear,5,0.78,0.51,68.69,6.47
Overhead wear,4,0.96,0.38,68.66,5.2
Point failure,8,0.99,0.36,78.37,4.16
Overhead wear,15,0.8,0.98,100.0,5.19
Overhead wear,21,0.32,0.85,100.0,5.67
Overhead wear,18,0.26,0.56,80.74,5.71
Signal fault,6,0.59,0.25,62.65,3.27
Point failure,18,0.8,0.76,100.0,4.29
Ballast wear,18,0.28,0.46,77.98,6.74
Point failure,21,0.3,0.97,100.0,5.05
Overhead wear,14,0.88,0.22,77.05,5.18
Rail crack,23,0.35,0.89,100.0,5.39
Point failure,19,0.88,0.63,100.0,4.32
Rail crack,29,0.79,0.45,100.0,6.17
Ballast wear,16,0.88,0.98,100.0,7.16
Point failure,6,0.96,0.28,76.46,3.84
Signal fault,30,0.9,0.5,100.0,4.36
Ballast wear,21,0.72,0.75,99.36,7.35
Overhead wear,15,0.84,0.4,86.65,5.79
Signal fault,18,0.28,1.0,100.0,4.23
Overhead wear,0,0.16,0.11,35.77,4.63
Signal fault,1,0.19,0.46,47.86,3.69
Point failure,29,0.12,0.38,100.0,4.91
Overhead wear,12,0.73,0.11,65.19,5.05
Ballast wear,9,0.32,0.53,66.94,6.47
Point failure,1,0.35,0.82,68.88,4.4
Signal fault,21,0.39,0.53,96.69,3.68
Overhead wear,12,0.64,0.42,73.68,5.3
Rail crack,22,0.55,0.5,100.0,5.43
Point failure,19,0.71,0.32,94.97,4.49
Point failure,12,0.93,0.75,93.96,4.36
Ballast wear,17,0.84,0.75,95.02,6.65
Rail crack,30,0.27,0.8,100.0,6.02
Rail crack,22,0.62,0.52,100.0,5.02
Overhead wear,27,0.19,0.42,98.01,5.5
Point failure,3,0.81,0.9,88.5,4.27
Point failure,18,0.18,0.72,83.44,4.58
Signal fault,24,0.73,0.1,93.39,3.56
Overhead wear,4,0.97,0.78,82.25,5.3
Rail crack,20,0.53,0.67,95.35,5.13
Rail crack,2,0.51,0.29,53.33,3.87
Point failure,6,0.79,0.47,76.36,4.15
Rail crack,8,0.88,0.76,98.2,5.02
Overhead wear,12,0.37,0.22,69.8,5.28
Point failure,5,0.68,0.46,67.1,4.21
Point failure,20,0.36,0.43,83.27,4.48
Overhead wear,9,0.11,0.44,60.89,4.82
Rail crack,2,0.46,0.58,67.79,4.53
Signal fault,24,0.97,0.57,100.0,4.51
Point failure,15,0.8,0.57,94.0,4.46
Overhead wear,24,0.8,0.57,100.0,5.24
Signal fault,20,0.68,0.98,100.0,4.46
Rail crack,23,0.51,0.46,100.0,5.0
Rail crack,28,0.32,0.54,100.0,5.77
Ballast wear,3,0.96,0.95,84.0,6.87
Point failure,21,0.43,0.3,87.4,4.27
Ballast wear,24,0.8,0.62,100.0,7.11
Point failure,14,0.25,0.68,90.97,4.19
Rail crack,14,0.15,0.72,90.2,5.06
Point failure,19,0.31,0.14,70.54,3.97
Ballast wear,14,0.42,0.95,91.28,7.3
Ballast wear,13,0.59,0.49,70.65,6.7
Signal fault,11,0.86,0.98,100.0,4.23
Point failure,11,0.96,0.28,74.41,4.19
Rail crack,17,0.63,0.17,84.8,4.66
Point failure,11,0.81,0.92,100.0,4.57
Overhead wear,9,0.53,0.75,83.93,4.98
Rail crack,26,0.96,0.79,100.0,5.73
Overhead wear,9,0.81,0.44,81.27,5.19
Overhead wear,23,0.83,0.26,100.0,5.42
Overhead wear,26,0.13,0.53,92.77,5.81
Rail crack,21,0.46,0.93,100.0,5.77
Point failure,19,0.78,0.93,100.0,4.99
Rail crack,17,0.99,0.45,93.79,5.35
Rail crack,17,0.91,0.89,100.0,5.42
Overhead wear,25,0.96,0.23,95.91,5.65
Point failure,4,0.75,0.61,68.25,3.88
Signal fault,18,0.23,0.49,89.83,3.77
Ballast wear,19,0.55,0.28,73.99,6.9
Signal fault,15,0.87,0.29,84.59,3.89
Signal fault,14,0.83,0.85,100.0,3.78
Ballast wear,3,0.24,0.89,58.24,6.9
Overhead wear,4,0.45,0.59,74.54,5.35
Point failure,21,0.43,0.75,100.0,4.55
Overhead wear,28,0.49,0.89,100.0,5.78
Point failure,14,0.47,0.78,97.31,4.61
Overhead wear,24,0.33,0.34,88.27,5.24
Point failure,6,0.3,0.79,71.76,4.35
Signal fault,22,0.59,0.74,100.0,4.08
Rail crack,16,0.96,0.14,90.5,4.14
Point failure,14,0.74,0.78,99.43,4.26
Rail crack,18,0.43,0.94,100.0,5.56
Signal fault,5,0.93,0.73,85.81,3.86
Rail crack,1,0.83,0.28,58.0,3.89
Point failure,20,0.87,0.73,100.0,5.19
Rail crack,16,0.44,0.25,84.13,4.93
Ballast wear,16,0.12,0.86,85.06,7.3
Point failure,23,0.73,0.84,100.0,4.88
Signal fault,20,0.55,0.75,100.0,4.28
Signal fault,18,0.46,0.22,74.83,3.41
Signal fault,24,0.82,0.33,100.0,4.56
Signal fault,18,0.11,0.71,89.73,3.92
Overhead wear,10,0.27,0.47,67.4,5.39
Point failure,13,0.64,0.32,76.71,4.08
Rail crack,18,0.71,0.16,85.19,4.29
Rail crack,12,0.81,0.76,100.0,4.86
Overhead wear,23,0.99,0.39,100.0,5.42
Ballast wear,16,0.19,0.59,77.43,7.07
Ballast wear,25,0.62,0.28,88.01,6.99
Signal fault,9,0.57,0.77,87.75,4.52
Ballast wear,10,0.64,0.25,70.61,6.31
Signal fault,19,0.18,0.6,94.3,4.34
Signal fault,9,0.51,0.7,84.01,4.59
Signal fault,27,0.1,0.26,89.16,3.72
Overhead wear,14,0.29,0.95,86.47,6.11
Overhead wear,27,0.66,0.45,100.0,5.89
Signal fault,0,0.3,0.75,67.95,3.81
Rail crack,9,0.11,0.49,71.45,4.55
Rail crack,27,0.88,0.84,100.0,5.66
Signal fault,23,0.31,0.59,100.0,4.47
Overhead wear,7,0.69,0.84,83.5,5.31
Overhead wear,10,0.32,0.16,64.82,4.84
Ballast wear,0,0.71,0.17,46.15,6.28
Signal fault,30,0.59,0.28,100.0,4.33
Signal fault,13,0.36,0.79,82.75,3.92
Signal fault,24,0.4,0.88,100.0,4.35
Signal fault,27,0.85,0.55,100.0,4.28
Point failure,17,0.84,0.36,90.45,4.28
Point failure,21,0.55,0.15,89.22,4.25
Rail crack,22,0.74,0.11,96.2,4.7
Overhead wear,15,0.56,0.81,97.79,5.76
Signal fault,2,0.83,0.11,53.63,3.38
Ballast wear,22,0.33,0.77,95.18,7.45
Overhead wear,3,0.67,0.44,58.6,4.71
Rail crack,20,0.91,0.17,93.25,5.05
Rail crack,21,0.82,0.9,100.0,4.73
Rail crack,30,0.65,0.24,100.0,5.25
Point failure,14,0.54,0.49,87.63,4.44
Overhead wear,5,0.81,0.37,57.9,5.11
Signal fault,9,0.89,0.21,75.83,3.99
Ballast wear,8,0.29,0.38,55.47,6.35
Signal fault,21,0.3,0.96,100.0,5.02
Rail crack,29,0.88,0.71,100.0,5.28
Overhead wear,17,0.39,0.59,85.61,5.5
Overhead wear,15,0.65,0.21,71.77,5.0
Ballast wear,16,0.29,0.45,73.82,6.89
Rail crack,6,0.48,0.12,70.08,3.94
Overhead wear,10,0.72,0.33,76.93,5.1
Rail crack,21,0.86,0.54,100.0,4.87
Overhead wear,18,0.84,0.46,92.0,5.4
Rail crack,7,0.11,0.35,56.7,4.46
Point failure,14,0.16,0.68,83.42,4.27
Overhead wear,21,0.49,1.0,100.0,6.12
Signal fault,2,0.42,0.44,56.65,3.23
Signal fault,27,0.75,0.69,100.0,4.02
Rail crack,8,0.1,0.82,81.17,5.35
Rail crack,3,0.79,0.63,81.07,4.83
Ballast wear,19,0.23,0.7,92.91,7.34
Point failure,8,0.41,0.45,68.4,3.89
Signal fault,20,0.69,0.9,100.0,4.65
Ballast wear,11,0.53,0.74,76.91,6.73
Signal fault,24,0.32,0.29,93.15,3.9
Point failure,10,0.27,0.17,57.72,4.39
Ballast wear,22,0.69,0.82,100.0,6.99
Signal fault,5,0.77,0.3,70.09,3.42
Overhead wear,25,0.35,0.69,100.0,5.96
Point failure,25,0.73,0.43,100.0,4.57
Overhead wear,20,0.9,0.84,100.0,5.88
Rail crack,23,0.28,0.56,99.84,5.63
Overhead wear,5,0.18,0.77,69.92,5.53
Signal fault,19,0.91,0.94,100.0,4.63
Signal fault,12,0.52,0.61,79.04,3.5
Signal fault,19,0.9,0.86,100.0,4.25
Point failure,15,0.38,0.11,66.32,4.37
Signal fault,25,0.61,0.66,100.0,4.59
Rail crack,3,0.99,0.78,94.58,4.57
Signal fault,24,0.31,0.64,100.0,3.6
Signal fault,4,1.0,0.98,95.97,4.07
Point failure,5,0.63,0.15,66.67,3.62
Ballast wear,23,0.95,0.25,100.0,6.89
Rail crack,8,0.16,0.6,76.6,4.9
Rail crack,14,0.28,0.14,65.42,5.2
Ballast wear,19,0.72,0.12,76.08,6.29
Point failure,29,0.92,0.68,100.0,5.0
Ballast wear,3,0.17,0.77,60.53,6.46
Point failure,7,0.16,0.31,59.48,4.18
Signal fault,6,0.55,0.98,82.05,4.41
Rail crack,2,0.28,0.29,57.82,4.77
Rail crack,7,0.95,0.8,93.18,4.59
Overhead wear,22,0.46,0.7,100.0,5.92
Signal fault,1,0.16,0.29,44.44,2.8
Ballast wear,19,0.49,0.58,86.65,6.89
Overhead wear,29,0.12,0.84,100.0,5.65
Overhead wear,3,0.29,0.83,66.6,4.98
Ballast wear,30,0.37,0.61,100.0,7.48
Ballast wear,7,0.37,0.38,56.66,6.82
Ballast wear,24,0.74,0.35,89.67,6.85
Rail crack,15,0.59,0.99,100.0,5.42
Overhead wear,16,0.79,0.95,100.0,5.63
Overhead wear,15,0.69,0.6,94.16,5.82
Rail crack,2,0.82,0.21,59.49,4.74
Overhead wear,12,0.96,0.26,85.52,5.56
Ballast wear,13,0.68,0.31,63.46,6.9
Signal fault,5,0.22,0.87,74.78,3.78
Signal fault,12,0.47,0.91,98.38,4.65
Rail crack,5,0.44,0.82,78.63,4.74
Rail crack,26,0.86,0.82,100.0,5.14
Rail crack,30,0.3,0.89,100.0,5.35
Overhead wear,12,0.88,0.81,100.0,5.71
Point failure,0,0.6,0.28,49.8,3.49
Signal fault,12,0.95,0.65,96.32,4.18
Ballast wear,21,0.49,0.64,98.69,7.03
Overhead wear,10,0.13,0.28,58.97,4.38
Point failure,14,0.92,0.56,92.6,4.37
Point failure,29,0.6,0.49,100.0,4.85
Signal fault,10,0.5,0.31,69.85,3.28
Signal fault,29,0.73,0.65,100.0,4.65
Rail crack,25,0.71,0.61,100.0,5.44
Ballast wear,5,0.12,0.84,70.94,6.86
Signal fault,18,0.41,0.13,75.52,3.72
Signal fault,6,0.34,0.65,65.66,4.04
Ballast wear,5,0.95,0.9,79.94,7.16
Signal fault,3,0.97,0.11,62.62,3.49
Point failure,13,0.82,0.35,82.34,3.92
Point failure,0,0.18,0.99,71.57,4.3
Ballast wear,3,0.28,0.25,46.94,5.99
Overhead wear,24,0.92,0.27,100.0,5.65
Ballast wear,18,0.91,0.84,100.0,7.74
Ballast wear,22,0.9,0.91,100.0,7.57
Rail crack,21,0.27,0.27,84.31,4.28
Rail crack,19,0.21,0.76,92.72,5.26
Ballast wear,25,0.22,0.76,100.0,7.9
Ballast wear,4,0.42,0.14,40.85,6.29
Signal fault,21,0.57,0.73,100.0,3.6
Point failure,16,0.17,0.33,74.78,4.29
Overhead wear,22,0.43,0.18,76.8,5.44
Signal fault,15,0.81,0.73,100.0,4.13
Point failure,11,0.89,0.81,99.52,4.96
Overhead wear,21,0.48,0.81,100.0,5.65
Point failure,24,0.72,0.51,100.0,4.23
Rail crack,24,0.62,0.42,100.0,5.19
Signal fault,12,0.81,0.24,76.52,3.36
Overhead wear,16,0.85,0.42,89.03,5.57
Overhead wear,14,0.84,0.45,78.27,5.16
Signal fault,27,0.21,0.94,100.0,5.15
Ballast wear,14,0.53,0.47,78.06,6.5
Ballast wear,3,0.61,0.74,66.96,6.47
Signal fault,30,0.94,0.7,100.0,4.27
Point failure,2,0.46,0.85,76.25,4.6
Rail crack,6,0.33,0.2,55.12,3.8
Ballast wear,13,0.35,0.3,66.76,6.1
Point failure,15,0.14,0.48,72.54,4.43
Signal fault,30,0.96,0.3,100.0,4.35
Rail crack,15,0.46,0.78,100.0,5.18
Overhead wear,6,0.76,0.84,84.34,5.28
Ballast wear,28,0.49,0.44,98.86,7.28
Ballast wear,14,0.54,0.56,82.29,6.34
Signal fault,30,0.34,0.11,100.0,3.78
Overhead wear,21,0.84,0.5,98.86,5.24
Signal fault,12,0.99,0.12,82.2,3.78
Rail crack,17,0.21,0.94,100.0,4.92
Overhead wear,14,0.55,0.93,94.93,5.77
Rail crack,9,0.91,0.18,72.34,4.35
Rail crack,24,0.7,0.64,100.0,5.05
Signal fault,20,0.85,0.98,100.0,4.23
Ballast wear,11,0.13,0.93,77.4,6.66
Signal fault,17,0.87,0.76,100.0,3.87
Ballast wear,11,0.43,0.61,83.47,7.21
Point failure,11,0.47,0.25,67.15,3.71
Point failure,20,0.18,0.18,72.13,4.5
Ballast wear,6,0.15,0.54,48.97,6.41
Point failure,14,0.58,0.25,82.86,4.21
Signal fault,22,0.24,0.23,79.22,3.44
Ballast wear,4,0.84,0.63,74.37,6.45
Signal fault,29,0.98,0.41,100.0,3.87
Rail crack,6,0.2,0.68,74.72,4.83
Point failure,8,0.59,0.2,65.71,3.79
Signal fault,4,0.17,0.13,46.13,2.34
Point failure,18,0.25,0.42,84.27,4.86
Signal fault,30,0.52,0.66,100.0,3.86
Point failure,23,0.61,0.87,100.0,5.05
Overhead wear,3,0.64,0.57,65.37,4.55
Signal fault,27,0.28,0.69,100.0,4.55
Ballast wear,23,0.56,0.15,79.77,6.73
Signal fault,12,0.22,0.24,67.13,3.54
Rail crack,12,0.7,0.69,97.8,4.53
Overhead wear,21,0.21,0.73,97.02,5.34
Point failure,7,0.21,0.13,58.13,3.96
Point failure,6,0.67,0.48,67.88,4.12
Signal fault,1,0.7,0.97,86.24,4.39
Overhead wear,9,0.59,0.86,87.15,5.36
Ballast wear,11,0.24,0.87,72.68,7.29
Overhead wear,3,0.65,0.62,71.47,4.84
Signal fault,4,0.7,0.67,73.7,3.67
Point failure,15,0.91,0.85,100.0,3.67
Overhead wear,12,0.9,0.68,87.36,5.09
Signal fault,0,0.11,0.39,41.24,3.37
Overhead wear,26,0.84,0.91,100.0,6.08
Ballast wear,12,0.99,0.3,74.15,5.88
Point failure,22,0.17,0.85,100.0,4.94
Ballast wear,15,1.0,0.62,90.45,7.25
Rail crack,16,0.54,0.87,100.0,5.41
Rail crack,2,0.76,0.7,79.06,4.32
Point failure,8,0.82,0.48,82.32,4.45
Rail crack,21,0.38,0.54,96.76,5.27
Point failure,7,0.97,0.2,81.22,3.68
Point failure,8,0.18,0.15,56.03,3.59
Signal fault,25,0.37,0.94,100.0,4.56
Point failure,5,0.69,0.24,63.35,3.97
Point failure,21,0.9,0.17,97.79,4.49
Point failure,10,0.95,0.58,90.58,4.32
Overhead wear,24,0.85,0.37,100.0,5.62
Rail crack,6,0.51,0.47,73.32,4.26
Rail crack,25,0.83,0.52,100.0,4.95
Signal fault,15,0.2,0.95,93.7,4.53
Rail crack,18,0.1,0.65,88.91,5.73
Ballast wear,5,0.51,0.47,57.05,6.65
Rail crack,8,0.26,0.34,62.51,4.53
Signal fault,19,0.37,0.25,79.54,3.79
Point failure,10,0.73,0.29,74.26,3.91
Overhead wear,2,0.2,0.33,48.24,4.27
Signal fault,26,0.63,0.23,100.0,4.01
Point failure,4,0.17,0.95,77.87,4.83
Point failure,29,0.17,0.53,100.0,4.92
Ballast wear,25,0.35,0.95,100.0,6.75
Overhead wear,29,0.71,0.53,100.0,5.67
Ballast wear,19,0.12,0.2,66.72,6.65
Ballast wear,11,0.78,0.91,89.55,7.2
Signal fault,3,0.28,0.34,49.84,3.36
Ballast wear,11,0.94,0.52,79.59,6.74
Signal fault,15,0.88,0.25,82.42,3.64
Rail crack,8,0.12,0.84,83.2,5.08
Overhead wear,26,0.3,0.7,100.0,5.6
Signal fault,18,0.77,0.32,82.34,4.22
Overhead wear,28,0.53,0.44,100.0,5.75
Point failure,18,0.16,0.16,79.98,4.74
Rail crack,27,0.33,0.2,86.6,5.38
Ballast wear,10,0.63,0.51,75.3,6.68
Rail crack,16,0.82,0.78,100.0,5.25
Signal fault,5,0.72,0.95,85.31,3.61
Point failure,17,0.71,0.25,84.91,4.08
Rail crack,7,0.69,0.62,85.22,4.72
Overhead wear,12,0.25,0.15,54.8,5.13
Ballast wear,22,0.2,0.4,80.31,7.41
Rail crack,22,0.8,0.99,100.0,5.35
Overhead wear,11,0.54,0.67,84.76,5.8
Signal fault,17,0.83,0.35,86.36,4.21
Point failure,26,0.16,0.26,88.9,5.11
Overhead wear,29,0.57,1.0,100.0,5.92
Point failure,12,0.22,0.24,64.07,3.7
Signal fault,10,0.48,0.42,78.29,4.19
Rail crack,20,0.52,0.6,96.81,5.18
Signal fault,14,0.12,0.42,73.62,4.19
Signal fault,8,0.77,0.47,76.49,3.19
Overhead wear,12,0.5,0.39,69.54,5.34
Ballast wear,17,0.47,0.92,94.94,7.19
Signal fault,13,0.19,0.22,62.21,3.6
Signal fault,17,0.74,0.43,89.0,3.69
Rail crack,3,0.35,0.55,67.56,4.24
Ballast wear,28,0.83,0.49,100.0,7.29
Rail crack,9,0.26,0.34,65.78,4.32
Ballast wear,24,0.6,0.63,100.0,6.86
Signal fault,6,0.75,0.8,86.24,4.32
Point failure,28,0.83,0.11,100.0,4.78
Rail crack,25,0.94,0.12,100.0,4.4
Ballast wear,14,0.71,0.94,98.9,7.06
Rail crack,29,0.33,0.3,100.0,5.11
Ballast wear,27,0.78,0.78,100.0,6.93
Overhead wear,22,0.45,0.44,90.22,5.24
Rail crack,12,0.7,0.76,91.71,5.07
Signal fault,25,0.23,0.29,93.89,3.56
Signal fault,27,0.34,0.28,95.64,4.06
Point failure,14,0.78,0.91,100.0,4.76
Point failure,6,0.12,0.81,72.48,4.47
Signal fault,7,0.17,0.64,80.08,3.45
Overhead wear,12,0.88,0.81,97.3,5.44
Ballast wear,22,0.87,0.4,95.61,6.86
Signal fault,25,0.32,0.38,94.64,4.01
Overhead wear,21,0.7,0.78,100.0,5.63
Rail crack,12,0.73,0.77,93.58,5.22
Signal fault,2,0.25,0.15,43.04,3.72
Point failure,22,0.25,0.85,100.0,4.9
Point failure,4,0.56,0.64,77.9,4.09
Signal fault,19,0.94,0.46,100.0,3.85
Overhead wear,30,0.23,0.37,100.0,5.39
Ballast wear,14,0.16,0.41,65.21,6.9
Signal fault,29,0.95,0.37,100.0,4.57
Point failure,16,0.3,0.15,72.81,3.6
Overhead wear,1,0.25,0.52,50.32,4.91
Signal fault,21,0.53,0.51,96.61,4.37
Point failure,20,0.47,0.84,100.0,4.89
Ballast wear,22,0.78,0.56,100.0,6.61
Rail crack,4,0.33,0.1,56.75,3.62
Rail crack,4,0.88,0.19,69.23,5.14
Ballast wear,22,0.78,0.76,100.0,7.46
Rail crack,0,0.21,0.56,53.87,4.0
Rail crack,27,0.31,0.77,100.0,5.18
Rail crack,12,0.17,0.51,81.33,5.1
Overhead wear,9,0.89,0.8,89.62,5.42
Ballast wear,25,0.13,0.83,100.0,6.86
Ballast wear,0,0.9,0.46,56.44,6.56
Ballast wear,13,0.87,0.39,73.09,6.75
Rail crack,22,0.3,0.43,97.19,4.99
Overhead wear,18,0.4,0.2,71.17,4.88
Rail crack,14,0.8,0.21,79.99,4.68
Point failure,1,0.92,0.27,62.37,4.14
Overhead wear,0,0.96,0.32,57.59,4.82
Overhead wear,21,0.11,0.56,86.94,5.64
Point failure,14,0.89,0.96,100.0,5.16
Signal fault,1,0.25,0.38,55.88,3.34
Rail crack,19,0.7,0.21,95.81,4.61
Overhead wear,0,0.14,0.35,41.52,4.74
Overhead wear,22,0.45,0.95,100.0,5.76
Rail crack,15,0.98,0.44,94.32,5.15
Signal fault,22,0.67,0.51,100.0,4.13
Ballast wear,30,0.83,0.16,95.2,6.7
Ballast wear,6,0.84,0.72,70.52,6.85
Rail crack,9,0.97,0.69,97.64,4.85
Rail crack,14,0.78,0.74,100.0,4.6
Ballast wear,1,0.44,0.57,49.29,6.37
Point failure,21,0.17,0.62,96.7,4.84
Signal fault,20,0.45,0.17,79.14,3.5
Rail crack,23,0.92,0.11,94.4,4.76
Rail crack,3,0.93,0.25,69.03,4.79
Overhead wear,23,0.17,0.89,100.0,6.22
Overhead wear,17,0.28,0.9,100.0,5.75
Signal fault,11,0.14,0.33,58.02,3.54
Signal fault,25,0.93,0.48,100.0,4.1
Ballast wear,20,0.27,0.93,90.71,7.49
Point failure,16,0.38,0.75,96.68,4.72
Point failure,3,0.95,0.66,82.64,4.3
Overhead wear,21,0.46,0.15,86.93,4.97
Ballast wear,7,0.77,0.42,62.16,6.69
Rail crack,13,0.59,0.28,84.04,4.36
Overhead wear,19,0.29,0.97,98.41,5.07
Point failure,25,0.57,0.74,100.0,4.36
Ballast wear,20,0.29,0.1,72.31,6.32
Point failure,1,0.24,0.76,71.27,4.34
Ballast wear,3,0.48,0.38,52.41,6.61
Overhead wear,3,0.21,0.4,53.12,5.28
Signal fault,7,0.53,0.87,87.06,3.8
Signal fault,4,0.8,0.86,82.18,3.42
Ballast wear,4,0.74,0.58,61.63,6.74
Rail crack,25,0.14,0.39,100.0,5.12
Overhead wear,2,0.38,0.34,47.31,5.01
Ballast wear,8,0.84,0.19,64.17,6.56
Rail crack,11,0.15,0.26,71.03,4.84
Rail crack,3,0.62,0.21,61.61,4.07
Overhead wear,18,0.54,0.12,73.22,4.69
Ballast wear,10,0.22,0.76,70.64,7.14
Point failure,28,0.45,0.56,100.0,4.97
Overhead wear,11,0.41,0.94,88.92,5.83
Rail crack,25,0.76,0.13,91.44,4.76
Ballast wear,5,0.6,0.77,68.5,6.76
Overhead wear,23,0.26,0.35,80.73,4.68
Ballast wear,23,0.78,0.51,100.0,6.94
Ballast wear,9,0.62,0.21,59.63,6.26
Overhead wear,1,0.34,0.48,53.16,4.75
Ballast wear,28,0.61,0.4,97.89,7.06
Point failure,20,0.19,0.79,100.0,5.04
Rail crack,3,0.86,0.72,79.13,4.47
Signal fault,21,0.25,0.19,75.65,3.72
Ballast wear,24,0.59,0.25,87.02,6.79
Signal fault,25,0.56,0.19,94.29,3.97
Point failure,27,0.58,0.87,100.0,4.91
Point failure,15,0.13,0.77,86.7,4.69
Overhead wear,4,0.27,0.75,63.19,4.88
Ballast wear,23,0.92,0.78,100.0,7.63
Point failure,20,0.44,0.29,88.21,4.37
Overhead wear,20,0.52,0.23,81.29,5.18
Overhead wear,30,0.48,0.61,100.0,5.82
Rail crack,27,0.55,0.46,100.0,5.63
Signal fault,4,0.98,0.27,63.74,2.47
Ballast wear,13,0.19,0.49,63.35,6.95
Rail crack,7,0.93,1.0,97.75,4.52
Signal fault,9,0.37,0.98,93.3,4.32
Rail crack,22,0.44,0.82,100.0,5.26
Ballast wear,10,0.95,0.3,76.08,6.31
Point failure,28,0.65,0.5,100.0,4.96
Point failure,19,0.37,0.53,90.33,4.18
Signal fault,26,0.88,0.62,100.0,4.1
Point failure,16,0.35,0.63,90.33,4.46
Signal fault,10,0.55,0.92,93.68,4.53
Overhead wear,14,0.5,0.94,95.21,5.11
Signal fault,21,0.72,0.88,100.0,4.45
Ballast wear,22,0.24,0.16,71.82,7.07
Overhead wear,14,0.55,0.86,99.08,6.08
Point failure,3,0.74,0.98,85.72,4.17
Ballast wear,4,0.11,0.51,49.7,6.48
Ballast wear,9,0.33,0.42,62.28,7.17
Rail crack,27,0.97,0.67,100.0,5.37
Rail crack,4,0.12,0.27,56.75,4.3
Signal fault,30,0.36,0.61,100.0,4.12
Overhead wear,10,0.58,0.53,79.72,5.15
Rail crack,6,0.4,0.65,64.52,4.87
Rail crack,27,0.34,0.53,100.0,5.2
Signal fault,0,1.0,0.15,52.07,3.16
Signal fault,24,0.5,0.56,99.37,3.83
Overhead wear,1,0.37,0.97,70.51,5.44
Overhead wear,16,0.92,0.11,79.23,5.24
Rail crack,26,0.33,0.5,100.0,5.45
Ballast wear,20,0.96,0.31,89.74,6.8
Overhead wear,17,0.18,0.7,87.41,4.94
Signal fault,18,0.4,0.73,98.31,3.9
Ballast wear,14,0.23,0.27,63.47,6.23
Signal fault,27,0.88,0.23,100.0,4.05
Ballast wear,6,0.45,0.22,53.65,5.88
Rail crack,13,0.21,0.64,88.21,5.77
Point failure,6,0.97,0.5,80.86,3.48
Point failure,28,0.15,0.14,84.01,4.09
Rail crack,30,0.54,0.39,100.0,4.92
Point failure,6,0.47,0.5,70.86,4.09
Point failure,6,0.71,0.74,79.78,4.33
Ballast wear,5,0.54,0.99,75.57,6.48
Ballast wear,4,0.51,0.3,56.73,5.9
Ballast wear,3,0.18,0.74,62.54,6.44
Ballast wear,8,0.3,0.43,60.62,6.56
Signal fault,2,0.82,0.32,60.41,3.18
Point failure,24,0.8,0.87,100.0,5.22
Rail crack,3,0.38,0.15,46.37,3.94
Signal fault,26,0.79,0.37,100.0,4.35
Ballast wear,11,0.75,0.72,88.34,7.39
Ballast wear,0,0.46,0.49,50.87,5.88
Overhead wear,23,0.59,0.74,100.0,5.77
Overhead wear,6,0.37,0.94,80.48,5.18
Ballast wear,17,0.5,0.6,83.97,6.44
Overhead wear,22,0.2,0.8,100.0,6.0
Rail crack,14,0.68,0.85,100.0,5.39
Ballast wear,14,0.33,0.84,77.61,7.09
Ballast wear,26,0.72,0.82,100.0,8.05
Signal fault,4,0.68,0.88,83.3,4.16
Signal fault,29,0.2,0.14,88.67,3.86
Overhead wear,26,0.45,0.95,100.0,6.15
Ballast wear,15,0.2,0.76,84.96,6.65
Signal fault,6,1.0,0.34,73.98,3.4
Rail crack,5,0.73,0.75,86.8,5.07
Rail crack,30,0.22,0.69,100.0,5.43
Signal fault,1,0.84,0.73,71.48,3.6
Ballast wear,1,0.52,0.94,63.54,7.09
Overhead wear,16,0.4,0.92,99.29,5.93
Ballast wear,5,0.38,0.15,51.0,5.91
Rail crack,15,0.64,0.88,100.0,5.44
Signal fault,20,0.88,0.76,100.0,4.22
Rail crack,10,0.42,0.5,74.12,5.07
Signal fault,21,0.84,0.78,100.0,4.03
Rail crack,14,0.72,0.78,100.0,5.16
Overhead wear,21,0.46,0.95,100.0,5.81
Point failure,15,0.62,0.84,96.17,4.22
Signal fault,23,0.97,0.5,100.0,3.94
Overhead wear,4,0.9,0.72,82.34,4.87
Ballast wear,24,0.78,0.66,100.0,7.0
Rail crack,21,0.4,0.64,100.0,4.93
Ballast wear,25,0.69,0.83,100.0,8.03
Point failure,0,0.12,0.49,54.07,3.7
Signal fault,23,0.31,0.54,98.18,3.95
Point failure,3,0.92,0.23,58.9,3.98
Rail crack,1,0.63,0.78,74.67,4.1
Signal fault,12,0.99,0.36,80.16,3.24
Signal fault,6,0.92,0.34,73.86,3.53
Point failure,19,0.51,0.95,100.0,5.15
Signal fault,15,0.84,0.4,89.93,4.58
Signal fault,0,0.2,0.48,57.55,3.28
Overhead wear,20,0.59,0.18,79.58,5.1
Rail crack,17,0.58,0.71,100.0,5.52
Overhead wear,21,0.25,0.49,83.36,5.53
Rail crack,4,0.27,0.11,59.23,4.1
Ballast wear,6,0.22,0.9,67.09,6.68
Signal fault,4,0.84,0.5,65.46,3.5
Point failure,2,0.62,0.19,57.4,3.69
Overhead wear,12,0.32,0.66,83.35,5.37
Rail crack,28,0.67,0.75,100.0,5.15
Overhead wear,14,0.44,0.66,86.21,5.36
Signal fault,13,0.98,0.88,100.0,4.14
Point failure,25,0.11,0.82,100.0,4.68
Rail crack,27,0.31,0.18,98.58,5.34
Overhead wear,30,0.41,0.16,96.44,6.05
Ballast wear,11,0.8,0.28,67.96,6.48
Ballast wear,29,0.48,0.56,100.0,7.4
Signal fault,22,0.15,0.12,78.42,3.48
Point failure,14,0.94,0.55,94.5,4.72
Point failure,9,0.76,0.26,77.96,3.56
Signal fault,12,0.13,0.67,76.08,4.17
Point failure,25,0.9,0.83,100.0,5.16
Ballast wear,25,0.24,0.66,97.18,7.21
Overhead wear,26,0.5,0.41,100.0,5.27
Ballast wear,24,0.96,0.27,99.61,7.31
Signal fault,14,0.12,0.72,83.42,4.15
Signal fault,29,0.57,0.28,100.0,4.35
Rail crack,18,0.89,0.34,96.94,4.86
Point failure,7,0.31,0.67,73.02,4.61
Overhead wear,27,0.7,0.5,100.0,5.69
Ballast wear,15,0.73,0.56,80.94,6.85
Ballast wear,16,0.88,0.91,100.0,7.65
Rail crack,22,0.3,0.33,91.59,5.3
Ballast wear,6,0.94,0.67,76.64,7.0
